waktu;Daging_Sapi_Kualitas_II
Sep 2017 (I);110000
Sep 2017 (II);110000
Sep 2017 (III);110000
Sep 2017 (IV);110000
Okt 2017 (I);110000
Okt 2017 (II);110000
Okt 2017 (III);110000
Okt 2017 (IV);110000
Okt 2017 (V);110000
Nov 2017 (I);110000
Nov 2017 (II);110000
Nov 2017 (III);110000
Nov 2017 (IV);110000
Des 2017 (I);110000
Des 2017 (II);110000
Des 2017 (III);110000
Des 2017 (IV);110000
Jan 2018 (I);110000
Jan 2018 (II);110000
Jan 2018 (III);110000
Jan 2018 (IV);110000
Jan 2018 (V);110000
Feb 2018 (I);110000
Feb 2018 (II);110000
Feb 2018 (III);110000
Feb 2018 (IV);110000
Mar 2018 (I);110000
Mar 2018 (II);110000
Mar 2018 (III);110000
Mar 2018 (IV);110000
Apr 2018 (I);110000
Apr 2018 (II);110000
Apr 2018 (III);110000
Apr 2018 (IV);110000
Apr 2018 (V);110000
Mei 2018 (I);110000
Mei 2018 (II);110000
Mei 2018 (III);110000
Mei 2018 (IV);110000
Jun 2018 (I);110000
Jun 2018 (II);110850
Jun 2018 (III);110000
Jun 2018 (IV);110000
Jul 2018 (I);110000
Jul 2018 (II);110000
Jul 2018 (III);110000
Jul 2018 (IV);110000
Jul 2018 (V);110000
Agu 2018 (I);110000
Agu 2018 (II);110000
Agu 2018 (III);110000
Agu 2018 (IV);110000
Sep 2018 (I);110000
Sep 2018 (II);110000
Sep 2018 (III);110000
Sep 2018 (IV);110000
Okt 2018 (I);110000
Okt 2018 (II);110000
Okt 2018 (III);110000
Okt 2018 (IV);110000
Okt 2018 (V);110000
Nov 2018 (I);110000
Nov 2018 (II);110000
Nov 2018 (III);110000
Nov 2018 (IV);110000
Des 2018 (I);110000
Des 2018 (II);110000
Des 2018 (III);110000
Des 2018 (IV);110000
Des 2018 (V);110000
Jan 2019 (I);110000
Jan 2019 (II);110000
Jan 2019 (III);110000
Jan 2019 (IV);110000
Feb 2019 (I);110000
Feb 2019 (II);110000
Feb 2019 (III);110000
Feb 2019 (IV);110000
Mar 2019 (I);110000
Mar 2019 (II);110000
Mar 2019 (III);110000
Mar 2019 (IV);110000
Apr 2019 (I);110000
Apr 2019 (II);110000
Apr 2019 (III);110000
Apr 2019 (IV);110000
Apr 2019 (V);110000
Mei 2019 (I);110000
Mei 2019 (II);110000
Mei 2019 (III);110000
Mei 2019 (IV);110000
Jun 2019 (I);120000
Jun 2019 (II);110000
Jun 2019 (III);110000
Jun 2019 (IV);110000
Jul 2019 (I);110000
Jul 2019 (II);110000
Jul 2019 (III);115000
Jul 2019 (IV);115000
Jul 2019 (V);115000
Agu 2019 (I);115000
Agu 2019 (II);115000
Agu 2019 (III);115000
Agu 2019 (IV);115000
Sep 2019 (I);115000
Sep 2019 (II);115000
Sep 2019 (III);115000
Sep 2019 (IV);115000